temp_annual_avg,temp_summer_avg,temp_winter_avg,duration_day_trip,duration_weekend,duration_short_trip,duration_one_week,duration_long_trip,budget_rank,latitude,longitude,overall_rating
14.75,24.833333333333332,5.166666666666667,0,0,1,1,0,3,45.4641943,9.1896346,3.2222222222222223
26.974999999999998,25.933333333333334,28.066666666666666,0,0,0,1,1,3,-17.2909471,177.12578580330327,3.4444444444444446
6.808333333333333,16.7,-2.033333333333333,0,1,1,1,0,3,50.1171903,-122.9543022,3.4444444444444446
19.533333333333335,21.166666666666668,15.866666666666665,0,1,1,1,0,2,20.9876996,-101.0,3.111111111111111
28.758333333333336,28.433333333333334,28.2,0,1,1,0,0,1,-7.2459717,112.7378266,3.111111111111111
-0.5666666666666665,6.766666666666667,-6.933333333333334,0,0,1,1,0,3,64.1766835,-51.7359356,3.111111111111111
21.01666666666667,15.9,24.066666666666666,0,1,1,1,0,2,-22.53356015,17.045477525861745,3.111111111111111
28.400000000000006,29.7,27.133333333333336,0,0,1,1,0,2,17.9712148,-76.7928128,3.2222222222222223
17.55,27.23333333333333,8.733333333333333,1,1,1,0,0,2,37.5659229,22.8068782,3.4444444444444446
14.491666666666667,25.133333333333336,4.366666666666666,0,1,1,1,0,1,41.6934591,44.8014495,3.0
11.816666666666665,20.7,4.066666666666666,0,1,1,0,0,2,49.4093582,8.694724,3.2222222222222223
12.241666666666667,8.833333333333334,15.9,0,1,1,1,0,2,-42.8825088,147.3281233,3.4444444444444446
17.666666666666668,26.133333333333336,8.5,0,1,1,0,0,2,33.1154683,129.7874339,3.0
11.174999999999999,18.066666666666666,5.1,0,1,1,0,0,2,52.0907006,5.1215634,3.111111111111111
26.425,27.53333333333333,22.5,0,0,1,1,0,1,21.1317111,94.8623644,2.7777777777777777
9.925,17.7,3.0,0,1,1,0,0,2,55.6052931,13.0001566,3.2222222222222223
11.391666666666666,18.099999999999998,5.3,0,1,1,1,0,2,52.3730796,4.8924534,3.5555555555555554
13.766666666666667,24.599999999999998,2.9,0,0,1,1,1,3,40.7127281,-74.0060152,3.5555555555555554
11.850000000000001,23.933333333333334,-0.7666666666666666,0,0,1,1,0,3,41.8755616,-87.6244212,3.6666666666666665
16.783333333333335,26.03333333333333,7.5,0,1,1,0,0,2,35.7803977,-78.6390989,3.3333333333333335
6.449999999999999,14.366666666666667,-0.4000000000000001,0,1,1,1,0,3,63.4304475,10.3952118,3.2222222222222223
11.516666666666667,17.6,5.833333333333333,0,1,1,0,0,2,51.2085526,3.226772,3.111111111111111
5.3,10.833333333333334,0.5,0,1,1,1,0,3,64.145981,-21.9422367,3.4444444444444446
13.566666666666668,25.666666666666668,-0.09999999999999994,0,0,1,1,0,2,37.5666791,126.9782914,3.7777777777777777
13.566666666666665,23.73333333333333,3.5,0,0,1,1,0,2,39.9207759,32.8540497,2.888888888888889
16.916666666666668,26.900000000000002,6.333333333333333,0,0,1,1,0,3,35.0115754,135.7681441,3.2222222222222223
23.850000000000005,28.5,18.3,0,1,1,1,0,2,27.9477595,-82.458444,3.3333333333333335
9.991666666666667,14.799999999999999,6.033333333333334,0,1,1,1,0,2,53.3493795,-6.2605593,3.111111111111111
15.625000000000002,26.23333333333333,4.8999999999999995,0,1,1,1,0,2,38.8950368,-77.0365427,3.2222222222222223
23.166666666666668,18.5,24.733333333333334,0,1,1,1,0,2,-17.853135,25.861429,3.2222222222222223
9.883333333333331,19.7,0.9,0,1,1,1,0,2,50.0619474,19.9368564,3.111111111111111
19.925,28.133333333333336,10.733333333333334,0,0,1,1,0,2,30.3258363,35.4745669,2.7777777777777777
19.383333333333336,28.266666666666666,11.433333333333332,0,1,1,1,0,2,37.9755648,23.7348324,3.5555555555555554
29.158333333333335,29.366666666666664,28.733333333333334,0,1,1,0,0,2,4.1779879,73.5107387,3.3333333333333335
21.316666666666666,29.7,12.299999999999999,0,1,1,1,0,2,30.2711286,-97.7436995,3.3333333333333335
27.808333333333334,27.2,28.166666666666668,0,0,1,1,0,2,-14.2754786,-170.7048298,3.3333333333333335
25.666666666666668,22.733333333333334,27.366666666666664,0,0,1,1,0,2,-8.8272699,13.2439512,2.888888888888889
22.116666666666664,28.900000000000002,14.466666666666667,0,1,1,1,0,2,29.9759983,-90.0782127,3.4444444444444446
27.224999999999998,26.566666666666666,27.600000000000005,0,0,0,1,1,3,-0.7125553,130.30344727618905,3.2222222222222223
24.25,20.4,27.233333333333334,0,0,1,1,0,3,-20.3546262,148.9560518,3.6666666666666665
14.866666666666667,10.033333333333333,19.666666666666668,0,1,1,1,0,2,-37.8142454,144.9631732,3.7777777777777777
17.666666666666668,18.53333333333333,15.366666666666667,0,1,1,1,0,2,18.833333,-98.0,3.2222222222222223
15.691666666666663,25.566666666666666,5.6000000000000005,0,1,1,1,0,2,37.5385087,-77.43428,3.111111111111111
27.325,28.03333333333333,26.333333333333332,0,1,1,1,0,2,13.0977832,-59.6184184,3.5555555555555554
21.19166666666667,21.73333333333333,19.333333333333332,0,1,1,1,0,2,17.0604663,-96.7253575,3.2222222222222223
14.283333333333333,19.066666666666666,9.766666666666666,0,1,1,1,0,2,43.3224219,-1.9838889,3.5555555555555554
13.716666666666667,23.03333333333333,5.933333333333334,0,1,1,0,0,2,34.8688613,-111.7614394,3.2222222222222223
27.90833333333333,26.433333333333337,28.566666666666666,0,1,1,0,0,1,6.3676953,2.4252507,3.111111111111111
11.750000000000002,21.400000000000002,2.466666666666667,0,1,1,1,0,1,43.8519774,18.3866868,3.0
16.525000000000002,25.566666666666666,8.266666666666666,0,1,1,0,0,1,41.3281482,19.8184435,2.7777777777777777
24.23333333333333,21.5,26.766666666666666,0,0,1,1,0,2,-22.9110137,-43.2093727,4.0
18.675,15.433333333333332,21.566666666666666,0,1,1,1,0,2,-25.4295963,-49.2712724,3.2222222222222223
29.05,29.400000000000002,27.866666666666664,0,1,1,1,0,1,11.5730391,104.857807,2.6666666666666665
18.466666666666665,26.399999999999995,11.366666666666667,0,0,1,1,0,1,34.0346534,-5.0161926,2.7777777777777777
10.008333333333333,21.366666666666664,-1.5333333333333332,0,1,1,1,0,2,43.6534817,-79.3839347,3.3333333333333335
4.691666666666667,12.799999999999999,-1.0999999999999999,1,1,1,0,0,2,44.017763900000006,10.454430026192636,3.0
4.825,17.933333333333334,-8.666666666666666,0,1,1,1,0,2,53.5462055,-113.491241,2.888888888888889
16.85833333333333,24.8,9.766666666666667,0,0,1,1,0,2,41.3828939,2.1774322,3.888888888888889
3.125,14.266666666666666,-7.7,0,0,1,1,1,3,51.175076,-115.5720773,3.2222222222222223
23.700000000000003,20.266666666666666,26.73333333333333,0,1,1,1,0,2,-25.966213,32.56745,3.2222222222222223
26.591666666666665,24.733333333333334,28.366666666666664,0,1,1,1,0,1,-6.8160837,39.2803583,3.3333333333333335
22.599999999999998,26.733333333333334,18.96666666666667,0,1,1,0,0,3,32.2942679,-64.7853167,3.4444444444444446
15.300000000000002,9.399999999999999,21.066666666666666,0,1,1,1,0,2,-33.4377756,-70.6504502,3.4444444444444446
18.35833333333333,28.400000000000002,7.433333333333333,0,0,1,1,0,2,31.2312707,121.4700152,3.4444444444444446
18.591666666666665,23.76666666666667,11.566666666666668,0,0,1,1,1,1,27.708317,85.3205817,3.111111111111111
15.71666666666667,11.866666666666665,19.733333333333334,0,0,1,1,1,2,-36.852095,174.7631803,3.4444444444444446
6.058333333333334,19.299999999999997,-7.933333333333334,0,1,1,1,0,2,46.8137431,-71.2084061,3.3333333333333335
14.149999999999999,14.033333333333333,13.966666666666669,0,1,1,1,0,2,4.6533816,-74.0836333,3.111111111111111
24.741666666666664,23.066666666666666,26.333333333333332,0,0,1,1,0,2,-21.2074736,-159.7708145,3.3333333333333335
17.775,27.7,8.7,0,1,1,1,0,2,38.23166,27.02997,3.3333333333333335
13.883333333333335,24.599999999999998,3.533333333333333,0,1,1,0,0,1,41.9961816,21.4319213,2.7777777777777777
28.316666666666666,28.8,27.633333333333336,0,1,1,1,0,2,10.4265566,-75.5441671,3.5555555555555554
17.14166666666667,25.7,9.700000000000001,1,1,1,0,0,2,42.6491029,18.0939501,3.4444444444444446
8.799999999999999,15.066666666666668,3.1666666666666665,0,1,1,1,0,3,60.3943055,5.3259192,3.4444444444444446
25.958333333333332,26.433333333333334,25.0,0,1,1,1,0,2,9.26847485,-81.99322424821933,3.5555555555555554
26.316666666666663,27.566666666666666,24.933333333333337,0,1,1,1,0,2,18.4801972,-69.942111,3.4444444444444446
20.316666666666666,19.533333333333335,20.533333333333335,0,1,1,0,0,1,-1.33191575,-78.26252853850661,3.3333333333333335
23.45833333333334,30.0,16.066666666666666,0,0,1,1,0,1,30.0443879,31.2357257,3.2222222222222223
26.150000000000006,25.7,26.166666666666668,0,0,1,1,0,1,-3.749365,-73.2444145,3.0
17.2,26.200000000000003,7.966666666666666,0,1,1,1,0,2,35.2272086,-80.8430827,2.7777777777777777
16.35,25.133333333333336,8.6,0,1,1,1,0,2,43.2961743,5.3699525,3.3333333333333335
26.908333333333335,25.900000000000002,27.833333333333332,0,1,1,0,0,2,3.741877,8.7740663,2.888888888888889
21.083333333333332,18.133333333333336,23.26666666666667,0,1,1,0,0,1,-26.325745,31.144663,2.7777777777777777
11.58333333333333,21.599999999999998,1.7333333333333334,0,1,1,1,0,1,42.6977028,23.3217359,2.888888888888889
15.091666666666667,24.53333333333333,6.3999999999999995,1,1,0,0,0,2,43.9458623,12.458306,2.6666666666666665
11.050000000000002,19.866666666666664,3.1999999999999997,0,1,1,1,0,2,52.510885,13.3989367,3.3333333333333335
7.374999999999999,17.333333333333332,-1.3333333333333333,0,1,1,1,0,2,60.1674881,24.9427473,3.4444444444444446
10.299999999999999,20.266666666666666,1.2333333333333334,0,1,1,1,0,2,52.2337172,21.071432235636493,3.0
14.35,24.766666666666666,4.466666666666667,0,1,1,0,0,2,45.4424977,10.985737689444765,3.111111111111111
11.924999999999999,21.0,3.6333333333333333,0,1,1,0,0,2,45.8992348,6.1288847,3.6666666666666665
28.058333333333334,28.433333333333334,27.5,0,1,1,1,0,1,6.9388614,79.8542005,3.2222222222222223
21.5,17.099999999999998,25.2,0,1,1,1,0,2,-25.24672,153.1468044,3.111111111111111
25.041666666666668,27.26666666666667,22.866666666666664,0,0,1,1,0,2,14.693425,-17.447938,3.2222222222222223
25.39166666666667,33.733333333333334,16.666666666666668,0,0,1,1,0,2,29.5084443,35.3362154,3.0
10.916666666666664,19.933333333333334,2.8333333333333335,1,1,1,0,0,2,48.1371079,11.5753822,3.3333333333333335
10.79166666666667,19.2,3.3333333333333335,0,1,1,0,0,2,47.9960901,7.8494005,3.2222222222222223
28.416666666666668,28.7,27.666666666666668,0,0,1,1,0,3,1.2899175,103.8519072,3.6666666666666665
15.075000000000001,24.100000000000005,6.633333333333334,0,1,1,0,0,2,45.5284919,13.5684485,3.5555555555555554
19.741666666666667,26.733333333333334,13.6,0,1,1,0,0,2,35.8989979,14.5136607,3.111111111111111
16.86666666666667,26.7,7.8,0,1,1,1,0,2,40.6403167,22.9352716,3.4444444444444446
27.90833333333333,27.833333333333332,27.233333333333334,0,1,1,0,0,1,6.8137426,-58.1624465,3.4444444444444446
16.56666666666667,25.46666666666667,7.333333333333333,0,0,1,1,0,2,33.38034745,126.54825445912049,3.6666666666666665
18.558333333333334,25.73333333333333,12.233333333333334,0,1,1,1,0,2,39.4697065,-0.3763353,3.7777777777777777
26.833333333333332,30.166666666666668,22.73333333333333,0,1,1,0,0,1,15.8795863,108.3319406,3.3333333333333335
27.000000000000004,29.866666666666664,21.099999999999998,0,1,1,1,0,1,22.5726459,88.3638953,3.111111111111111
12.383333333333335,22.933333333333334,2.433333333333333,0,1,1,1,0,2,47.48138955,19.14609412691246,3.5555555555555554
27.849999999999998,27.633333333333336,27.53333333333333,0,1,1,1,0,1,-7.8011998,110.3646608,3.3333333333333335
15.858333333333334,23.866666666666664,8.799999999999999,1,1,0,0,0,3,43.7323492,7.4276832,3.4444444444444446
16.633333333333333,25.5,8.966666666666667,0,0,1,1,0,2,41.8933203,12.4829321,3.5555555555555554
8.083333333333334,17.266666666666666,-0.033333333333333305,0,1,1,1,0,3,59.3251172,18.0710935,3.5555555555555554
24.03333333333333,30.099999999999998,17.633333333333333,0,1,1,1,0,2,25.0375198,121.5636796,3.3333333333333335
16.666666666666668,25.7,7.033333333333334,0,0,1,1,1,3,35.6768601,139.7638947,3.2222222222222223
23.641666666666666,20.900000000000002,26.266666666666666,0,0,1,1,0,3,-22.2745264,166.442419,3.3333333333333335
19.241666666666667,25.933333333333334,13.366666666666665,0,1,1,1,0,2,38.1112268,13.3524434,3.2222222222222223
14.450000000000001,23.8,6.966666666666666,0,0,1,1,1,2,37.587794,14.155048,3.6666666666666665
18.658333333333335,27.0,9.9,0,1,1,1,0,2,31.9515694,35.9239625,3.0
19.933333333333334,18.3,20.8,0,1,1,1,0,2,-1.30261485,36.82884201813725,3.2222222222222223
27.075,27.0,27.099999999999998,0,1,1,1,0,2,8.9714493,-79.5341802,3.4444444444444446
16.474999999999998,26.26666666666667,5.766666666666666,0,1,1,0,0,3,35.1851045,136.8998438,2.888888888888889
16.6,26.100000000000005,6.7,0,1,1,1,0,2,33.6251241,130.6180016,3.4444444444444446
13.991666666666667,7.7,18.433333333333334,0,1,1,0,0,1,-29.310054,27.478222,2.5555555555555554
17.033333333333335,17.599999999999998,14.9,0,0,1,1,1,2,19.3207722,-99.1514677512441,3.5555555555555554
28.96666666666667,36.833333333333336,20.099999999999998,0,1,1,1,0,3,25.2856329,51.5264162,3.3333333333333335
4.383333333333334,20.166666666666668,-12.333333333333334,0,1,1,1,0,2,51.1159933,71.46770587485393,2.5555555555555554
26.800000000000008,28.8,22.733333333333334,0,1,1,0,0,1,19.8887438,102.135898,3.3333333333333335
20.599999999999998,21.133333333333336,18.633333333333333,0,1,1,1,0,2,17.0,-96.5,3.4444444444444446
8.525,18.333333333333332,-0.6,0,1,1,0,0,1,54.8982139,23.9044817,2.7777777777777777
17.39166666666667,28.0,7.8999999999999995,0,1,1,0,0,1,42.4415238,19.2621081,3.0
27.016666666666666,27.400000000000002,26.46666666666667,0,1,1,0,0,1,1.5597561,110.345397,3.3333333333333335
21.808333333333337,19.2,24.0,0,0,1,1,0,2,-20.1624522,57.5028044,3.4444444444444446
25.116666666666664,21.633333333333336,28.033333333333335,0,1,1,0,0,1,-19.828707,34.841782,2.6666666666666665
26.941666666666666,27.36666666666667,24.53333333333333,0,0,1,1,0,2,17.0174945,54.1010923,3.2222222222222223
19.191666666666666,13.733333333333334,22.733333333333334,0,1,1,0,0,2,-25.7459277,28.1879101,3.111111111111111
22.616666666666664,28.5,15.799999999999999,0,1,1,0,0,2,25.6802019,-100.315258,3.2222222222222223
11.866666666666667,23.166666666666668,1.1333333333333333,0,1,1,0,0,1,47.0245117,28.8322923,2.5555555555555554
7.500000000000001,16.866666666666667,-1.1666666666666667,0,1,1,1,0,3,59.9133301,10.7389701,3.4444444444444446
26.908333333333335,26.8,26.333333333333332,0,1,1,0,0,1,5.8241764499999995,-55.16628130970069,3.2222222222222223
16.14166666666667,24.766666666666666,8.7,0,1,1,0,0,2,42.4249205,18.7713332,3.111111111111111
17.591666666666665,22.2,12.866666666666667,0,1,1,1,0,1,33.9851778,-6.8461433,3.2222222222222223
15.908333333333333,15.533333333333333,15.699999999999998,0,1,1,1,0,1,-16.3988667,-71.5369607,3.111111111111111
9.883333333333331,19.7,0.9,0,1,1,1,0,2,50.0619474,19.9368564,3.111111111111111
25.266666666666666,27.266666666666666,21.333333333333332,0,1,1,0,0,1,19.7589517,99.6734592,3.0
11.433333333333332,18.866666666666664,4.8,0,1,1,0,0,2,50.85798545,5.6969881818221095,2.888888888888889
11.975,7.133333333333333,16.733333333333334,0,0,1,1,0,2,-43.530955,172.6364343,3.2222222222222223
8.6,16.733333333333334,1.9666666666666666,0,1,1,1,0,2,57.4174802,18.536957927499856,3.3333333333333335
11.516666666666666,15.699999999999998,8.0,0,1,1,0,0,2,50.2149064,-5.4795083,3.4444444444444446
4.0,11.633333333333335,-2.1,0,0,1,1,0,3,69.6516345,18.9558585,3.3333333333333335
27.791666666666668,27.666666666666668,27.099999999999998,0,1,1,0,0,1,11.9303801,-85.9535897,3.2222222222222223
27.399999999999995,28.666666666666668,25.933333333333337,0,1,1,1,0,2,18.38423905,-66.05343997364733,3.5555555555555554
13.166666666666666,26.400000000000002,1.1666666666666667,0,1,1,1,0,2,40.7596198,-111.886797,3.3333333333333335
23.616666666666664,19.133333333333333,27.8,0,1,1,0,0,1,-25.2800459,-57.6343814,2.5555555555555554
28.683333333333337,29.066666666666666,27.266666666666666,0,1,1,1,0,1,14.5904492,120.9803621,3.0
10.23333333333333,19.2,2.266666666666667,0,1,1,1,0,3,46.9484742,7.4521749,3.3333333333333335
18.225,26.133333333333336,11.066666666666668,0,1,1,1,0,2,37.5023612,15.0873718,3.3333333333333335
27.991666666666674,28.03333333333333,27.2,0,1,1,1,0,1,7.0648306,125.6080623,3.5555555555555554
15.241666666666667,19.333333333333332,11.0,0,1,1,1,0,2,41.1494512,-8.6107884,3.5555555555555554
18.191666666666666,21.3,15.633333333333333,0,0,1,1,1,2,37.80855645,-25.473137391245295,3.4444444444444446
27.45,26.633333333333336,27.7,0,1,1,0,0,1,8.479004,-13.26795,3.0
7.883333333333334,21.166666666666668,-6.133333333333333,0,1,1,0,0,2,45.60558895,-73.73456014508847,2.7777777777777777
24.425,22.0,26.599999999999998,0,1,1,1,0,2,-20.8799889,55.448137,3.6666666666666665
13.716666666666667,23.833333333333332,4.266666666666667,0,1,1,0,0,1,44.1767161,28.6507598,3.111111111111111
23.466666666666665,25.3,21.2,0,1,1,1,0,2,20.6407176,-105.220306,3.7777777777777777
17.075,12.9,21.2,0,0,1,1,1,2,-33.9288301,18.4172197,3.888888888888889
26.933333333333334,27.7,25.76666666666667,0,1,1,1,0,2,13.90904385,-60.97792414113452,3.888888888888889
26.2,25.266666666666666,26.633333333333336,0,0,1,1,1,2,0.3389242,6.7313031,3.3333333333333335
16.216666666666665,26.433333333333334,7.733333333333333,0,1,1,1,0,2,40.4167047,-3.7035825,3.4444444444444446
13.091666666666667,19.566666666666666,7.166666666666667,0,1,1,1,0,2,47.2186371,-1.5541362,3.111111111111111
27.650000000000002,26.766666666666666,27.733333333333334,0,0,1,1,0,3,-4.6232085,55.452359,3.7777777777777777
12.116666666666667,22.166666666666668,2.733333333333333,0,1,1,1,0,2,46.0500268,14.5069289,3.2222222222222223
18.516666666666666,27.03333333333333,8.966666666666667,0,0,1,1,0,2,30.6598628,104.0633717,3.3333333333333335
17.624999999999996,24.666666666666668,11.633333333333333,0,1,1,1,0,2,39.949257200000005,4.0499641751186415,3.5555555555555554
27.224999999999998,25.933333333333337,28.46666666666667,0,1,1,0,0,1,-6.16265285,39.18965515249984,3.4444444444444446
16.825,11.933333333333332,20.133333333333336,0,0,1,1,0,2,-26.205,28.049722,3.2222222222222223
15.45833333333333,24.7,4.8999999999999995,0,1,1,1,0,2,35.1799528,129.0752365,3.6666666666666665
29.15833333333333,29.666666666666668,27.733333333333334,0,1,1,1,0,1,13.8212743,100.6306935,3.6666666666666665
28.46666666666667,28.53333333333333,26.5,0,0,1,1,0,2,19.054999,72.8692035,3.4444444444444446
16.34166666666667,25.26666666666667,8.233333333333334,0,0,1,1,1,2,41.006381,28.9758715,3.5555555555555554
19.2,27.066666666666666,11.666666666666666,0,1,1,1,0,2,37.3886303,-5.9953403,3.2222222222222223
29.25833333333333,29.599999999999998,28.133333333333336,0,0,0,1,1,1,13.7524938,100.4935089,3.5555555555555554
10.124999999999998,15.033333333333333,5.933333333333334,0,1,1,1,0,2,54.596391,-5.9301829,3.111111111111111
12.35,23.566666666666666,2.0,0,1,1,1,0,1,46.4843023,30.7322878,3.4444444444444446
27.224999999999998,25.933333333333337,28.46666666666667,0,1,1,1,0,2,-6.15956165,39.2009686,3.6666666666666665
18.791666666666664,15.233333333333334,21.166666666666668,0,0,1,1,0,1,-18.9100122,47.5255809,3.3333333333333335
26.91666666666666,27.133333333333336,26.5,0,1,1,1,0,1,8.0634637,98.9162345,3.7777777777777777
27.91666666666667,26.366666666666664,28.766666666666666,0,1,1,0,0,1,6.130419,1.215829,2.7777777777777777
27.033333333333335,27.433333333333337,26.066666666666666,0,1,1,1,0,2,10.6572678,-61.5180173,3.5555555555555554
28.900000000000002,33.666666666666664,22.5,0,1,1,1,0,2,23.5882019,58.3829448,3.4444444444444446
10.1,21.53333333333333,-0.8666666666666667,0,1,1,1,0,1,50.4500336,30.5241361,3.111111111111111
28.375,28.833333333333332,27.7,0,1,1,0,0,1,6.0328139,80.214955,3.4444444444444446
9.491666666666667,18.3,1.633333333333333,0,1,1,0,0,2,54.42880315,18.79832701217957,3.111111111111111
25.791666666666668,28.933333333333334,22.0,0,1,1,1,0,3,25.7741728,-80.19362,3.6666666666666665
-4.1000000000000005,3.6999999999999997,-9.6,0,0,0,1,1,3,78.7198519,20.3493328,2.6666666666666665
1.1250000000000004,14.0,-10.700000000000001,0,0,1,1,1,3,67.69291045,26.728214183162983,3.111111111111111
20.049999999999997,27.8,13.033333333333333,0,1,1,0,0,1,36.8002068,10.1857757,3.111111111111111
14.783333333333333,17.666666666666668,11.266666666666666,0,1,1,1,0,3,37.7792588,-122.4193286,3.7777777777777777
11.708333333333334,22.5,1.2,0,1,1,1,0,3,42.3554334,-71.060511,3.3333333333333335
12.183333333333332,7.866666666666667,16.566666666666666,0,1,1,0,0,2,-38.1381493,176.252922,3.5555555555555554
0.9083333333333333,-3.1333333333333333,4.766666666666667,0,0,1,1,1,1,-49.3319564,-72.8860438,2.888888888888889
27.350000000000005,28.8,25.8,0,1,1,0,0,2,17.7439481,-64.7079823,3.5555555555555554
21.758333333333336,29.03333333333333,13.833333333333334,0,1,1,1,0,2,29.7589382,-95.3676974,3.4444444444444446
18.216666666666665,21.266666666666666,14.566666666666668,0,1,1,1,0,2,32.7174202,-117.162772,4.0
6.808333333333334,17.400000000000002,-4.5,0,0,0,1,1,1,34.0242098,77.2036739,3.111111111111111
19.18333333333333,24.900000000000002,14.1,0,1,1,0,0,1,35.1700832,-5.2766582971063976,3.0
9.35,19.333333333333332,-0.033333333333333326,0,1,1,1,0,1,49.841952,24.0315921,3.0
16.708333333333332,26.433333333333334,6.633333333333333,0,1,1,1,0,2,36.1622767,-86.7742984,3.0
12.191666666666665,23.2,0.9,0,1,1,0,0,2,41.4996574,-81.6936772,2.888888888888889
18.608333333333334,26.666666666666668,11.166666666666666,1,1,1,0,0,2,36.7421339,-5.1665916,3.0
11.316666666666668,17.46666666666667,5.866666666666667,0,0,1,1,1,3,51.4893335,-0.1440550845276872,3.4444444444444446
10.2,21.466666666666665,-1.1333333333333333,0,1,1,0,0,2,43.157285,-77.615214,2.7777777777777777
21.008333333333336,15.9,24.066666666666666,0,0,0,1,1,2,-23.2335499,17.3231107,3.3333333333333335
17.816666666666666,27.566666666666663,7.466666666666666,0,1,1,1,0,2,35.1460249,-90.0517638,2.888888888888889
18.275000000000002,31.600000000000005,5.3999999999999995,0,0,1,1,0,3,37.9404648,58.3823487,2.4444444444444446
27.158333333333335,28.7,24.53333333333333,0,1,1,1,0,2,20.429647,-87.6529306,3.7777777777777777
25.575,27.2,23.766666666666666,0,0,1,1,1,3,21.304547,-157.855676,4.0
16.275,28.73333333333333,4.3,0,1,1,1,0,1,41.3123363,69.2787079,2.888888888888889
20.116666666666664,28.066666666666666,10.566666666666668,0,1,1,1,0,1,24.8630286,110.4871831,3.111111111111111
28.091666666666665,28.366666666666664,27.7,0,0,1,1,0,2,3.1526589,101.7022205,3.4444444444444446
12.0,16.333333333333332,8.1,0,1,1,1,0,2,50.4433489,-4.62465658489158,3.4444444444444446
26.366666666666664,29.399999999999995,20.333333333333332,0,0,1,1,0,1,23.7643863,90.3890144,2.4444444444444446
12.233333333333333,19.433333333333334,5.833333333333333,0,0,1,1,0,3,47.6038321,-122.330062,3.3333333333333335
12.466666666666667,25.233333333333334,-0.16666666666666666,0,1,1,0,0,1,42.8777895,74.6066926,3.0
28.075,28.566666666666666,26.366666666666664,0,1,1,1,0,1,13.3617562,103.8590321,3.2222222222222223
11.275,7.3,16.066666666666666,0,1,1,1,0,2,-39.8141262,-73.2459859,3.4444444444444446
16.708333333333332,11.133333333333333,21.066666666666666,0,1,1,1,0,2,-25.1076701,-64.3494964,3.4444444444444446
17.76666666666667,27.266666666666666,9.700000000000001,0,1,1,1,0,2,43.5116383,16.4399659,3.5555555555555554
24.741666666666664,24.03333333333333,25.566666666666663,0,0,0,1,1,3,-0.62881505,-90.3638752022324,3.2222222222222223
16.316666666666663,25.566666666666666,8.133333333333333,0,1,1,1,0,2,43.7697955,11.2556404,3.111111111111111
14.366666666666667,25.266666666666666,3.466666666666667,0,1,1,1,0,2,39.9527237,-75.1635262,3.0
14.424999999999999,21.5,7.900000000000001,0,1,1,1,0,2,44.841225,-0.5800364,3.2222222222222223
12.100000000000001,20.900000000000002,4.166666666666667,0,1,1,1,0,2,48.584614,7.7507127,3.111111111111111
26.925,26.833333333333332,26.833333333333332,0,0,0,1,1,3,5.3783537,132.9102573,3.5555555555555554
27.791666666666668,28.266666666666666,26.833333333333332,0,1,1,1,0,2,12.0535331,-61.751805,3.5555555555555554
11.941666666666668,22.599999999999998,1.7666666666666668,0,1,1,0,0,1,47.531399,21.6259782,2.6666666666666665
26.233333333333334,30.666666666666668,17.633333333333336,0,1,1,1,0,1,26.9154576,75.8189817,3.0
18.849999999999998,26.366666666666664,11.966666666666667,0,0,1,1,1,2,35.308495199999996,24.46334231842296,4.111111111111111
14.891666666666666,25.666666666666668,4.0,0,1,1,1,0,2,39.2908816,-76.610759,3.2222222222222223
26.099999999999998,25.96666666666667,26.03333333333333,0,0,1,1,0,1,-5.0,145.5,3.3333333333333335
19.39166666666667,26.933333333333337,13.066666666666665,0,1,1,1,0,2,37.8512218,15.2830191,3.6666666666666665
12.058333333333335,22.96666666666667,0.5333333333333333,0,1,1,0,0,2,36.1396246,137.2510322,3.0
24.791666666666668,35.33333333333333,14.466666666666667,0,1,1,1,0,2,33.4484367,-112.074141,3.111111111111111
23.716666666666665,20.6,25.0,0,1,1,0,0,1,-15.7862543,35.0035694,2.7777777777777777
23.3,23.333333333333332,22.46666666666667,0,1,1,1,0,1,10.5060934,-66.9146008,3.111111111111111
20.26666666666667,20.666666666666668,19.033333333333335,0,1,1,0,0,1,11.9373899,108.4286786,3.3333333333333335
13.766666666666667,24.599999999999998,2.9,0,0,1,1,1,3,40.7127281,-74.0060152,3.5555555555555554
15.874999999999998,20.266666666666666,10.133333333333335,0,1,1,1,0,1,22.3359246,103.8426749,3.111111111111111
20.433333333333334,22.46666666666667,16.566666666666666,0,1,1,1,0,2,20.6720375,-103.338396,3.3333333333333335
3.5083333333333333,14.799999999999999,-7.0,0,0,1,1,0,2,61.2163129,-149.894852,3.2222222222222223
9.608333333333333,15.033333333333333,3.5,0,0,0,1,1,3,27.549511,90.5119273,3.3333333333333335
15.399999999999999,27.099999999999998,4.166666666666667,0,1,1,1,0,1,39.6550017,66.9756954,2.888888888888889
14.225000000000001,10.966666666666669,17.633333333333333,0,0,1,1,0,2,-41.2887953,174.7772114,3.4444444444444446
24.874999999999996,31.96666666666667,14.699999999999998,0,1,1,1,0,1,31.5656822,74.3141829,3.111111111111111
14.5,9.933333333333332,18.0,0,0,1,1,0,2,-22.910832,-68.2001376,3.2222222222222223
20.125,22.5,17.766666666666666,0,0,1,1,0,2,32.751750099999995,-16.98174865726062,3.6666666666666665
16.15,25.73333333333333,7.933333333333333,0,1,1,0,0,1,40.0770871,20.1393359,2.888888888888889
20.525000000000002,15.733333333333333,24.733333333333334,0,1,1,1,0,2,-27.4689682,153.0234991,3.5555555555555554
7.916666666666668,17.0,-1.366666666666667,1,1,1,0,0,2,48.8106526,14.3150586,2.7777777777777777
27.266666666666666,28.433333333333337,25.899999999999995,0,1,1,0,0,2,17.2960919,-62.722301,3.3333333333333335
27.266666666666666,26.866666666666664,27.53333333333333,0,0,1,1,0,2,-9.4310769,159.9552552,2.7777777777777777
14.683333333333332,23.23333333333333,6.833333333333333,0,1,1,0,0,2,43.16720595,11.467561040475552,3.0
21.208333333333336,23.2,19.03333333333333,0,1,1,1,0,2,28.6551163,-17.857268565579673,3.3333333333333335
11.933333333333332,18.7,5.766666666666666,0,1,1,0,0,2,51.0538286,3.7250121,3.111111111111111
20.3,17.566666666666666,22.600000000000005,0,0,1,1,0,2,-23.5506507,-46.6333824,3.4444444444444446
20.575,20.633333333333333,20.233333333333334,0,1,1,1,0,2,10.29115145,-84.81364393886889,3.0
24.36666666666667,22.299999999999997,26.400000000000002,0,1,1,1,0,2,-21.1343401,-175.201808,3.111111111111111
10.899999999999999,16.733333333333334,5.833333333333333,0,1,1,1,0,2,52.4796992,-1.9026911,2.888888888888889
15.191666666666665,25.099999999999998,6.633333333333333,0,0,1,1,1,2,43.4586541,11.1389204,3.7777777777777777
6.583333333333332,18.0,-4.433333333333334,0,1,1,0,0,2,46.234953,-63.132935,3.111111111111111
14.374999999999998,25.599999999999998,2.4333333333333336,0,1,1,1,0,2,38.6280278,-90.1910154,3.0
21.8,33.86666666666667,10.633333333333335,0,1,1,1,0,3,36.1672719,-115.1483538,3.0
10.391666666666667,22.066666666666666,-1.4333333333333336,0,1,1,1,0,2,42.3315509,-83.0466403,2.5555555555555554
16.983333333333334,27.566666666666666,5.3,0,1,1,1,0,2,31.311123,120.6212881,3.111111111111111
17.891666666666662,25.866666666666664,11.333333333333334,0,0,1,1,1,2,40.0912813,9.0305773,3.888888888888889
24.833333333333332,22.833333333333332,26.700000000000003,0,1,1,1,0,2,-17.7414972,168.3150163,3.4444444444444446
10.866666666666667,20.53333333333333,1.8666666666666665,0,1,1,0,0,1,45.7973912,24.1519202,3.111111111111111
26.38333333333333,34.666666666666664,16.433333333333334,0,0,1,1,0,1,25.702096,32.647186,2.888888888888889
25.36666666666667,26.866666666666664,23.633333333333336,0,1,1,1,0,3,21.81444705,-72.15098494353239,3.4444444444444446
22.658333333333335,31.03333333333333,13.433333333333332,0,1,1,0,0,1,29.215497900000003,25.468972583438234,3.0
26.958333333333332,25.2,28.133333333333336,0,1,1,1,0,2,-4.05052,39.667169,3.6666666666666665
16.458333333333332,27.866666666666664,5.5,0,1,1,0,0,1,38.5762709,68.7863573,2.7777777777777777
12.883333333333335,11.533333333333333,13.266666666666666,0,0,1,1,0,1,-13.51695415,-71.97927120704406,3.4444444444444446
17.0,25.333333333333332,8.0,1,1,1,0,0,2,34.2963089,135.8816819,3.111111111111111
18.566666666666666,12.533333333333333,24.666666666666668,0,0,0,1,1,2,-34.6083696,-58.4440583,3.5555555555555554
18.091666666666665,11.866666666666665,23.766666666666666,0,1,1,1,0,2,-31.4166867,-64.1834193,3.2222222222222223
18.975,14.033333333333331,23.366666666666664,0,0,1,1,1,3,-33.8698439,151.2082848,3.888888888888889
24.05,28.399999999999995,20.5,0,1,1,1,0,2,23.9913421,121.6197276,3.4444444444444446
12.708333333333334,22.633333333333336,3.8000000000000003,0,1,1,1,0,2,48.2083537,16.3725042,3.4444444444444446
15.991666666666667,26.566666666666663,6.766666666666666,0,0,1,1,0,2,40.3755885,49.8328009,3.2222222222222223
8.183333333333334,19.0,-1.9000000000000001,0,1,1,0,0,1,53.9024716,27.5618225,2.5555555555555554
27.325,24.76666666666667,28.7,0,1,1,1,0,1,-17.333333,-61.5,3.111111111111111
17.066666666666666,27.53333333333333,7.933333333333334,1,1,1,0,0,1,43.3435855,17.8076584,3.111111111111111
27.15833333333333,25.600000000000005,26.96666666666667,0,1,1,1,0,2,-13.2432762,-43.3742847,3.6666666666666665
24.424999999999997,24.566666666666666,24.066666666666666,0,1,1,0,0,1,-3.3638125,29.3675028,2.888888888888889
24.441666666666666,23.7,25.133333333333336,0,1,1,0,0,1,3.8689867,11.5213344,2.7777777777777777
10.583333333333334,15.4,6.3,0,1,1,0,0,2,53.2744122,-9.0490601,3.4444444444444446
5.266666666666668,17.0,-6.133333333333333,0,1,1,1,0,2,51.0456064,-114.057541,3.3333333333333335
8.391666666666666,18.166666666666668,-1.2666666666666666,0,1,1,0,0,2,44.648618,-63.5859487,3.4444444444444446
24.200000000000003,25.599999999999998,22.3,0,1,1,1,0,2,16.720455649999998,-22.938676127026316,3.111111111111111
11.283333333333333,16.9,6.266666666666667,0,1,1,0,0,2,51.3813864,-2.3596963,3.2222222222222223
12.483333333333334,22.366666666666664,3.0666666666666664,0,1,1,0,0,1,42.6638771,21.1640849,2.4444444444444446
14.200000000000001,24.399999999999995,4.5,0,1,1,1,0,1,44.8178131,20.4568974,3.3333333333333335
20.366666666666667,30.166666666666668,10.166666666666666,0,1,1,1,0,2,32.7762719,-96.7968559,3.0
20.141666666666666,28.066666666666666,10.633333333333335,0,1,1,1,0,1,25.2779894,110.2910622,3.0
9.424999999999999,18.36666666666667,1.1333333333333333,1,1,0,0,0,2,47.5621698,13.6486697,3.111111111111111
20.316666666666666,29.166666666666668,11.799999999999999,0,1,1,1,0,2,35.1746503,33.3638783,3.111111111111111
22.291666666666668,22.366666666666664,22.133333333333336,0,1,1,1,0,2,9.9325427,-84.0795782,3.4444444444444446
25.700000000000003,27.8,23.066666666666666,0,1,1,1,0,1,23.135305,-82.3589631,3.2222222222222223
26.433333333333334,27.46666666666667,25.099999999999998,0,1,1,1,0,1,15.4238539,-61.34165132887498,3.3333333333333335
14.908333333333331,22.933333333333334,7.8999999999999995,0,1,1,0,0,2,43.2130358,2.3491069,3.0
18.241666666666664,21.333333333333332,15.133333333333333,0,1,1,1,0,2,37.1027964,-8.6728689,3.6666666666666665
21.850000000000005,27.600000000000005,15.433333333333335,0,1,1,1,0,1,31.1991806,29.8951716,3.0
7.2,16.933333333333334,-1.3,0,1,1,1,0,2,59.4372155,24.7453688,3.111111111111111
13.266666666666666,20.933333333333334,6.433333333333334,0,1,1,1,0,3,48.8588897,2.3200410217200766,3.5555555555555554
16.925,25.633333333333336,9.466666666666667,0,1,1,1,0,2,40.9842539,16.6210027,3.7777777777777777
10.175,4.533333333333332,15.733333333333334,0,0,1,1,1,3,-45.0321923,168.661,3.6666666666666665
15.049999999999999,20.533333333333335,9.799999999999999,0,1,1,1,0,2,43.4832523,-1.5592776,3.6666666666666665
27.041666666666668,25.8,28.0,0,1,1,0,0,2,0.4086518,9.4418849,3.0
16.083333333333332,20.033333333333335,11.766666666666666,1,1,1,0,0,2,38.79846,-9.3881,3.4444444444444446
18.025,26.333333333333332,11.0,0,1,1,1,0,2,43.17389195,16.55652349457852,3.5555555555555554
9.758333333333333,17.566666666666666,2.8000000000000003,0,1,1,0,0,2,54.0886707,12.1400211,3.2222222222222223
19.433333333333334,27.766666666666666,12.299999999999999,0,1,1,1,0,2,37.78913845,20.790089567090195,3.4444444444444446
5.3,10.833333333333334,0.5,0,1,1,1,0,3,64.145981,-21.9422367,3.4444444444444446
27.083333333333332,31.700000000000003,18.633333333333333,0,1,1,0,0,1,26.2967719,73.0351433,3.0
22.549999999999997,22.23333333333333,22.366666666666664,0,1,1,0,0,1,-6.9215529,107.6110212,3.2222222222222223
17.45,25.566666666666666,10.433333333333334,0,1,1,1,0,2,40.8358846,14.2487679,3.5555555555555554
26.724999999999998,25.666666666666668,27.099999999999998,0,1,1,0,0,1,6.8200066,-5.2776034,2.5555555555555554
9.950000000000001,21.0,-2.0666666666666664,0,0,1,1,0,2,43.061936,141.3542924,3.3333333333333335
11.399999999999999,24.433333333333334,-1.9666666666666666,0,1,1,1,0,2,43.2363924,76.9457275,3.3333333333333335
10.575000000000001,18.900000000000002,3.0,0,1,1,0,0,3,49.6112768,6.129799,3.0
16.374999999999996,17.433333333333334,14.5,0,1,1,0,0,1,16.735377,-92.63873,3.111111111111111
9.125,19.166666666666668,-0.13333333333333333,0,1,1,1,0,2,56.9493977,24.1051846,3.3333333333333335
13.124999999999998,21.0,5.833333333333333,0,1,1,1,0,2,45.5202471,-122.674194,3.4444444444444446
0.041666666666666664,17.366666666666664,-19.866666666666667,0,0,1,1,0,1,47.9184676,106.9177016,3.111111111111111
19.925,23.8,15.966666666666669,0,1,1,0,0,1,31.5118281,-9.7620903,3.5555555555555554
20.075,25.633333333333336,12.933333333333332,0,1,1,1,0,1,28.209538,83.991402,3.2222222222222223
11.433333333333332,18.833333333333332,4.933333333333333,0,1,1,0,0,2,51.4392648,5.478633,2.6666666666666665
27.125,26.5,27.666666666666668,0,0,1,1,0,2,-9.4743301,147.1599504,2.7777777777777777
28.216666666666672,28.600000000000005,27.233333333333334,0,0,1,1,0,1,10.47,123.83,3.6666666666666665
17.550000000000004,22.233333333333334,12.6,0,1,1,1,0,2,38.7077507,-9.1365919,3.5555555555555554
25.96666666666667,24.333333333333332,26.36666666666667,0,1,1,0,0,2,-4.2694407,15.2712256,2.7777777777777777
21.33333333333334,22.066666666666663,21.066666666666666,0,1,1,1,0,2,-1.8859597,30.1296751,3.0
27.049999999999997,26.733333333333334,27.133333333333336,0,1,1,1,0,2,-13.8345235,-171.7630955,3.2222222222222223
25.041666666666668,27.26666666666667,22.866666666666664,1,1,0,0,0,2,14.66720465,-17.398356301764487,2.5555555555555554
20.791666666666668,17.53333333333333,23.733333333333334,0,1,1,1,0,2,-29.861825,31.009909,3.4444444444444446
5.491666666666667,14.233333333333334,-1.5,0,1,1,0,0,2,46.3684202,14.1100595,3.111111111111111
15.483333333333333,20.733333333333334,10.5,0,1,1,1,0,2,43.2630018,-2.9350039,3.3333333333333335
13.649999999999999,18.499999999999996,9.1,0,0,1,1,0,2,43.3133868,-5.94192,3.6666666666666665
5.833333333333332,14.166666666666666,-1.866666666666667,0,0,1,1,0,3,46.0212076,7.749254,3.3333333333333335
27.00833333333333,28.133333333333336,23.599999999999998,0,1,1,1,0,1,18.7882778,98.9858802,3.6666666666666665
21.599999999999998,30.3,13.799999999999999,0,1,1,0,0,1,35.6710101,10.10062,2.5555555555555554
22.09166666666667,21.53333333333333,22.566666666666666,0,1,1,1,0,1,0.3177137,32.5813539,2.7777777777777777
8.624999999999998,22.400000000000002,-6.333333333333333,0,1,1,1,0,2,44.9772995,-93.2654692,3.2222222222222223
10.774999999999999,22.633333333333336,-0.20000000000000004,0,1,1,1,0,2,39.7392364,-104.984862,3.6666666666666665
9.608333333333334,14.833333333333334,5.0,0,1,1,1,0,2,55.861155,-4.2501687,3.0
6.216666666666668,2.6999999999999997,9.5,0,0,1,1,1,2,-54.807306,-68.3084133,3.2222222222222223
22.025000000000002,31.266666666666666,12.666666666666666,0,1,1,0,0,2,32.2228765,-110.974847,3.3333333333333335
11.858333333333333,22.46666666666667,0.6666666666666666,0,1,1,1,0,2,40.4416941,-79.9900861,3.0
16.725000000000005,11.633333333333333,21.8,0,1,1,1,0,2,-34.9281805,138.5999312,3.4444444444444446
28.208333333333332,35.9,19.500000000000004,0,1,1,0,0,2,26.2235041,50.5822436,3.2222222222222223
8.075000000000001,5.966666666666666,9.366666666666665,0,0,1,1,0,1,-16.4955455,-68.1336229,3.111111111111111
17.066666666666666,11.6,22.5,0,1,1,1,0,2,-34.9058916,-56.1913095,3.3333333333333335
15.908333333333333,8.466666666666667,23.366666666666664,0,1,1,1,0,2,-34.787093049999996,-68.43818677312292,3.2222222222222223
7.574999999999999,16.03333333333333,-0.3,0,1,1,1,0,2,47.2654296,11.3927685,3.4444444444444446
15.625000000000002,26.23333333333333,4.8999999999999995,0,1,1,1,0,2,38.8950368,-77.0365427,3.111111111111111
11.475000000000001,18.633333333333333,4.9,0,1,1,1,0,2,50.8465573,4.351697,2.888888888888889
7.1833333333333345,20.3,-6.866666666666667,0,1,1,1,0,2,45.4208777,-75.6901106,3.111111111111111
10.916666666666666,21.033333333333335,1.5,0,1,1,0,0,1,49.1922443,16.6113382,2.888888888888889
7.100000000000001,17.333333333333332,-2.2,0,1,1,0,0,1,58.3801207,26.72245,2.7777777777777777
25.108333333333334,26.133333333333336,23.46666666666667,0,1,1,1,0,2,14.9162811,-23.5095095,3.111111111111111
5.533333333333332,22.333333333333332,-14.5,0,1,1,1,0,2,45.7593633,126.6276177,2.7777777777777777
27.15833333333333,25.53333333333333,28.066666666666666,0,1,1,0,0,1,-11.6931255,43.2543044,2.888888888888889
10.691666666666668,20.23333333333333,2.2333333333333334,0,1,1,1,0,2,50.0874654,14.4212535,3.2222222222222223
13.475,26.633333333333336,-1.3,0,0,1,1,1,2,40.190632,116.412144,3.4444444444444446
9.983333333333334,17.3,1.7,0,0,0,1,1,3,29.6542054,91.1173015,3.2222222222222223
27.575,35.766666666666666,17.633333333333333,0,1,1,1,0,1,24.091071,32.897306,3.2222222222222223
15.816666666666668,25.066666666666663,8.033333333333333,0,1,1,1,0,2,45.3267976,14.442208,3.3333333333333335
15.041666666666666,14.233333333333333,15.6,0,1,1,1,0,1,-2.8974072,-79.0041726,3.3333333333333335
23.46666666666667,29.933333333333337,16.0,0,1,1,0,0,2,29.9870753,31.2118063,2.7777777777777777
8.316666666666666,17.333333333333332,0.6333333333333333,0,1,1,0,0,1,58.27381995,22.277105752545435,3.4444444444444446
14.558333333333335,24.566666666666666,5.066666666666667,0,1,1,1,0,3,45.4371908,12.3345898,3.111111111111111
12.508333333333331,18.733333333333334,6.8999999999999995,0,1,1,0,0,2,48.1113387,-1.6800198,3.0
26.666666666666668,25.599999999999998,27.266666666666666,0,0,1,1,1,3,-17.5373835,-149.5659964,3.888888888888889
13.683333333333332,22.766666666666666,5.599999999999999,0,1,1,1,0,2,45.7578137,4.8320114,3.2222222222222223
27.391666666666666,26.46666666666667,28.03333333333333,0,0,0,1,1,3,-16.504346650000002,-151.73668863927236,3.5555555555555554
14.908333333333331,22.933333333333334,7.8999999999999995,0,1,1,0,0,2,43.2130358,2.3491069,2.6666666666666665
17.6,27.133333333333336,7.533333333333334,0,0,1,1,0,3,34.6937569,135.5014539,3.3333333333333335
26.266666666666666,27.3,25.03333333333333,0,1,1,0,0,1,13.4410165,-16.56275092072591,2.888888888888889
10.416666666666666,18.0,3.6999999999999997,0,1,1,1,0,2,53.550341,10.000654,3.3333333333333335
8.066666666666666,18.3,-1.5,0,1,1,0,0,1,54.6870458,25.2829111,2.888888888888889
26.700000000000003,27.766666666666666,25.46666666666667,0,1,1,0,0,1,7.7756663,-72.2214154,3.0
10.058333333333332,17.733333333333334,3.3000000000000003,0,1,1,0,0,2,53.866444,10.684738,3.0
19.908333333333335,20.5,18.53333333333333,0,1,1,0,0,1,14.5567814,-90.7337346,3.3333333333333335
4.058333333333334,10.533333333333333,-1.5,0,1,1,0,0,3,65.68390355,-18.11217559813441,3.2222222222222223
26.075,31.233333333333334,17.233333333333334,0,1,1,1,0,1,25.3356491,83.0076292,2.7777777777777777
16.583333333333332,24.166666666666668,10.133333333333333,0,1,1,1,0,2,41.9263991,8.7376029,3.5555555555555554
25.58333333333334,23.5,27.599999999999998,0,0,1,1,0,2,-19.48577845,169.33450144830016,3.3333333333333335
28.450000000000003,28.5,27.633333333333336,0,1,1,1,0,1,10.7763897,106.7011391,3.3333333333333335
10.283333333333333,16.033333333333335,5.166666666666667,0,1,1,0,0,2,53.96565785,-1.0743052444639218,3.0
25.34166666666667,31.73333333333333,15.533333333333333,0,0,1,1,0,1,28.6273928,77.1716954,3.2222222222222223
17.125,26.133333333333336,9.0,0,1,1,0,0,2,40.447641899999994,16.47357384028852,3.0
17.108333333333334,26.7,6.766666666666667,0,1,1,1,0,2,34.3917241,132.4517589,3.111111111111111
27.308333333333334,28.599999999999998,23.866666666666664,0,1,1,0,0,1,17.9640988,102.6133707,2.888888888888889
9.458333333333332,14.566666666666665,5.066666666666666,0,1,1,1,0,2,55.9533456,-3.1883749,3.3333333333333335
23.98333333333333,20.666666666666668,25.133333333333336,0,1,1,1,0,1,-15.4163395,28.2818414,2.6666666666666665
21.099999999999998,28.266666666666666,14.033333333333333,0,1,1,1,0,1,31.6258257,-7.9891608,3.4444444444444446
27.783333333333335,27.933333333333334,27.066666666666666,0,0,1,1,1,1,11.0798978,120.93734215474105,3.5555555555555554
12.683333333333335,21.866666666666664,4.466666666666667,0,1,1,0,0,1,41.1170203,20.8017715,3.3333333333333335
18.466666666666665,23.7,13.566666666666668,0,1,1,1,0,2,37.24480855,-8.150756196275431,3.6666666666666665
13.075000000000003,24.133333333333336,2.4333333333333336,0,1,1,1,0,1,44.4361414,26.1027202,3.0
27.650000000000002,26.766666666666666,27.733333333333334,0,0,0,1,1,3,-4.6574977,55.4540146,3.5555555555555554
10.666666666666666,19.566666666666666,2.6,0,1,1,1,0,3,47.3744489,8.5410422,3.3333333333333335
29.399999999999995,36.33333333333333,21.766666666666666,0,0,1,1,0,3,25.074282349999997,55.18853865430702,3.888888888888889
27.224999999999998,25.933333333333337,28.46666666666667,0,0,1,1,1,2,-6.1664908,39.2074312,3.888888888888889
17.4,25.900000000000002,8.466666666666667,0,1,1,1,0,2,33.7489924,-84.3902644,3.111111111111111
14.033333333333333,20.033333333333335,7.166666666666667,0,0,0,1,1,3,27.4713546,89.6336729,3.2222222222222223
18.125,21.5,14.5,0,0,1,1,1,3,34.0536909,-118.242766,3.7777777777777777
20.2,27.46666666666667,12.533333333333333,0,1,1,0,0,2,32.0790074,-81.0921335,3.111111111111111
16.608333333333334,29.566666666666666,3.9666666666666663,0,1,1,1,0,1,39.7675529,64.4231326,2.7777777777777777
8.2,21.266666666666666,-5.566666666666666,0,1,1,1,0,2,45.5031824,-73.5698065,3.5555555555555554
24.816666666666666,29.833333333333332,18.433333333333334,0,1,1,1,0,1,21.0283334,105.854041,3.2222222222222223
18.825,13.733333333333334,24.400000000000002,0,0,1,1,0,2,-31.9558933,115.8605855,3.4444444444444446
11.299999999999999,16.400000000000002,6.733333333333334,0,1,1,1,0,2,51.4816546,-3.1791934,3.0
16.041666666666668,20.333333333333332,11.366666666666667,0,1,1,1,0,3,37.3361663,-121.890591,3.0
23.308333333333334,28.0,17.5,0,0,1,1,0,2,28.5421109,-81.3790304,3.111111111111111
10.316666666666665,20.5,1.0666666666666667,1,1,1,0,0,1,46.2202037,24.7934483,2.7777777777777777
11.508333333333335,18.7,5.133333333333333,0,0,1,1,1,3,49.2608724,-123.113952,4.0
10.125,15.466666666666669,5.3999999999999995,0,1,1,0,0,2,54.6009812,-3.1375822,3.111111111111111
15.025000000000004,25.3,5.466666666666666,0,1,1,1,0,2,44.4938203,11.3426327,3.111111111111111
9.833333333333334,13.733333333333334,6.166666666666667,0,0,1,1,0,2,57.36300795,-6.302173669619252,3.111111111111111
15.416666666666666,19.099999999999998,11.4,1,1,1,0,0,2,41.4417677,-8.2955712,2.888888888888889
23.641666666666666,28.833333333333332,17.066666666666666,0,1,1,1,0,2,22.1757605,113.5514142,3.3333333333333335
22.591666666666665,22.899999999999995,22.633333333333336,0,1,1,0,0,1,4.6373012,-75.569799,3.2222222222222223
14.066666666666668,24.3,4.566666666666666,0,1,1,1,0,2,45.8130967,15.9772795,3.0
13.975,13.733333333333334,14.0,0,0,1,1,0,1,-0.2201641,-78.5123274,3.4444444444444446
23.583333333333332,23.73333333333333,22.899999999999995,0,1,1,1,0,1,13.6989939,-89.1914249,2.888888888888889
25.341666666666665,23.599999999999998,26.866666666666664,0,0,1,1,0,2,-18.1415884,178.4421662,3.0
14.691666666666668,22.7,7.433333333333334,0,1,1,1,0,2,43.6044622,1.4442469,3.2222222222222223
12.216666666666669,20.933333333333334,4.433333333333334,0,1,1,1,0,2,50.1106444,8.6820917,3.111111111111111
27.849999999999998,26.3,28.866666666666664,0,1,1,1,0,1,5.5571096,-0.2012376,3.111111111111111
25.625,25.633333333333336,24.833333333333332,0,1,1,0,0,2,4.9371544,-52.3258736,3.111111111111111
12.524999999999999,7.633333333333333,17.666666666666668,0,1,1,0,0,2,-41.4340813,147.1373496,3.2222222222222223
13.691666666666668,11.1,16.46666666666667,0,1,1,0,0,2,-33.0458456,-71.6196749,3.3333333333333335
12.275,20.900000000000002,4.533333333333334,0,1,1,0,0,2,48.0777517,7.3579641,2.7777777777777777
12.008333333333333,22.233333333333334,2.533333333333333,0,1,1,0,0,2,48.1516988,17.1093063,2.888888888888889
24.48333333333333,29.53333333333333,18.099999999999998,0,0,1,1,0,3,22.2793278,114.1628131,3.6666666666666665
27.11666666666667,28.933333333333337,24.866666666666664,0,1,1,0,0,1,21.8052055,-79.9845797,3.4444444444444446
14.133333333333335,24.53333333333333,4.2,0,1,1,0,0,1,42.1418541,24.7499297,3.0
24.291666666666668,25.733333333333334,22.633333333333336,0,0,1,1,1,3,20.802956799999997,-156.31068331602177,3.7777777777777777
14.258333333333333,28.333333333333332,0.39999999999999997,0,1,1,0,0,1,41.3776893,60.3620006,2.6666666666666665
27.40833333333333,29.0,25.099999999999998,0,1,1,0,0,2,17.5002768,-88.1988737,3.2222222222222223
19.491666666666667,15.6,21.5,0,0,1,1,0,1,-17.8567035,31.0601584,2.6666666666666665
27.724999999999998,26.866666666666664,28.066666666666666,0,1,1,1,0,1,-8.5068977,115.2622931,3.4444444444444446
16.900000000000002,11.433333333333332,22.3,0,1,1,1,0,2,-34.9632342,-54.9439981,3.5555555555555554
20.65833333333333,18.400000000000002,22.966666666666665,0,0,0,1,1,3,-27.1259317,-109.3495887,3.111111111111111
10.174999999999999,14.700000000000001,6.433333333333334,0,1,1,0,0,2,51.8985136,-8.4726423,3.2222222222222223
15.649999999999999,23.366666666666664,8.866666666666665,0,1,1,1,0,1,41.6509502,41.6360085,3.2222222222222223
5.791666666666667,18.233333333333334,-9.366666666666667,0,0,1,1,0,2,43.1150678,131.8855768,3.0
1.2250000000000008,12.566666666666668,-9.833333333333332,0,0,1,1,0,2,68.970665,33.07497,2.6666666666666665
6.841666666666668,18.866666666666664,-4.6000000000000005,0,0,1,1,0,2,55.625578,37.6063916,3.2222222222222223
6.825,17.833333333333332,-3.266666666666667,0,1,1,1,0,2,59.9606739,30.1586551,3.2222222222222223
27.408333333333335,29.0,25.133333333333336,0,1,1,0,0,1,17.7395148,-88.0336867,3.4444444444444446
25.53333333333333,28.733333333333334,21.7,0,1,1,1,0,2,26.1223084,-80.1433786,3.5555555555555554
29.249999999999996,36.06666666666666,21.566666666666666,0,0,1,1,0,3,24.4538352,54.3774014,3.5555555555555554
19.341666666666665,23.46666666666667,14.933333333333332,0,1,1,1,0,1,33.5945144,-7.6200284,3.2222222222222223
18.05,25.46666666666667,11.266666666666667,0,1,1,0,0,1,33.8984131,-5.5321582,2.7777777777777777
20.558333333333334,16.400000000000002,24.366666666666664,0,1,1,1,0,2,-28.0023731,153.4145987,3.6666666666666665
24.758333333333336,23.066666666666666,26.366666666666664,0,0,1,1,0,2,-21.2368312,-159.7774744,3.6666666666666665
29.075000000000003,28.966666666666665,29.0,0,0,0,1,1,3,-8.5199633,179.1982548,2.4444444444444446
27.10833333333333,28.733333333333334,24.96666666666667,0,1,1,1,0,2,20.6308643,-87.0779503,3.6666666666666665
24.683333333333334,32.766666666666666,15.766666666666666,0,1,1,1,0,2,27.8644422,34.295447,3.6666666666666665
23.0,14.766666666666666,30.566666666666666,0,0,1,1,0,3,-25.3455545,131.0369615,2.888888888888889
26.53333333333333,25.599999999999998,27.099999999999998,0,0,1,1,0,3,-17.533306,-149.8386006,3.7777777777777777
10.549999999999999,19.766666666666666,2.0,0,1,1,1,0,2,47.7981346,13.0464806,3.2222222222222223
13.133333333333333,23.0,3.866666666666667,0,1,1,1,0,2,45.0677551,7.6824892,3.0
13.299999999999999,22.73333333333333,4.533333333333334,0,1,1,1,0,3,46.0050102,8.9520281,3.4444444444444446
27.58333333333334,26.900000000000002,26.7,0,1,1,1,0,2,15.3004543,74.0855134,3.7777777777777777
22.316666666666666,30.2,12.4,0,1,1,1,0,2,33.6938118,73.0651511,3.2222222222222223
27.674999999999997,27.233333333333334,28.0,0,1,1,1,0,2,-3.7304512,-38.5217989,3.4444444444444446
16.849999999999998,14.333333333333334,19.833333333333332,0,1,1,0,0,2,-23.6463741,-70.3980033,2.888888888888889
8.875,2.9,15.333333333333334,0,0,1,1,1,2,-41.1334781,-71.3101474,3.5555555555555554
6.075,19.299999999999997,-7.866666666666667,0,1,1,1,0,2,46.8137431,-71.2084061,3.4444444444444446
13.725,26.0,2.566666666666667,0,0,1,1,0,2,37.3247408,-113.0048036,2.6666666666666665
26.358333333333334,25.23333333333333,27.333333333333332,0,0,1,1,0,2,-15.1563411,167.0510705,3.3333333333333335
27.83333333333334,28.0,27.366666666666664,0,1,1,1,0,2,5.9780066,116.0728988,3.5555555555555554
7.324999999999999,16.8,-0.9333333333333335,0,1,1,1,0,3,39.0885405,-120.0503528,3.4444444444444446
19.966666666666665,28.5,11.700000000000001,0,0,1,1,0,2,36.8865728,30.7030242,3.888888888888889
12.808333333333332,22.833333333333332,2.6,0,0,1,1,0,2,38.6386753,34.8457712,3.2222222222222223
20.066666666666666,27.8,13.033333333333333,1,1,0,0,0,1,36.8710935,10.3490516,3.2222222222222223
18.924999999999997,30.900000000000002,7.0,0,0,1,1,0,1,35.6892523,51.3896004,3.111111111111111
19.291666666666668,15.033333333333333,23.099999999999998,0,1,1,1,0,2,-28.6483333,153.6177778,3.7777777777777777
25.25,22.666666666666668,27.366666666666664,0,1,1,1,0,3,-16.4845983,145.4636294,3.6666666666666665
26.53333333333333,25.599999999999998,27.099999999999998,0,0,0,1,1,3,-17.6873439,-149.4451681,3.888888888888889
25.349999999999994,22.366666666666664,27.333333333333332,0,1,1,1,0,1,-17.7834217,-63.1820853,2.888888888888889
27.53333333333333,28.8,26.2,0,1,1,1,0,2,18.4724603,-77.9217357,3.6666666666666665
28.250000000000004,29.133333333333336,27.3,0,1,1,1,0,2,16.8680495,-99.8940182,3.3333333333333335
21.258333333333333,21.433333333333334,20.833333333333332,0,1,1,0,0,2,9.3701476,-84.1520793,3.2222222222222223
27.66666666666666,39.400000000000006,15.366666666666665,0,1,1,1,0,3,29.3796532,47.9734174,2.888888888888889
23.0,14.766666666666666,30.566666666666666,0,0,1,1,0,3,-25.3455545,131.0369615,3.0
25.8,24.066666666666666,27.166666666666668,0,1,1,0,0,2,-17.6043956,177.4530138,3.3333333333333335
25.8,24.066666666666666,27.166666666666668,0,1,1,1,0,2,-17.7992725,177.4178549,3.6666666666666665
10.058333333333334,18.8,2.1333333333333333,0,1,1,1,0,3,46.5218269,6.6327025,3.3333333333333335
18.466666666666665,23.7,13.566666666666668,0,1,1,0,0,2,37.0759505,-8.1165401,3.6666666666666665
12.258333333333333,20.099999999999998,5.266666666666667,0,1,1,1,0,2,50.938361,6.959974,3.0
15.266666666666667,24.566666666666666,7.1000000000000005,1,1,1,0,0,2,43.4714722,10.6797912,2.888888888888889
27.549999999999997,27.933333333333337,26.733333333333334,0,1,1,0,0,1,7.2931208,80.6350358,3.111111111111111
27.941666666666666,27.3,26.366666666666664,0,0,1,1,0,1,16.7967129,96.1609916,2.7777777777777777
19.866666666666664,17.433333333333334,22.633333333333336,0,0,1,1,0,2,-12.0621065,-77.0365256,3.4444444444444446
21.833333333333332,17.433333333333334,25.7,0,1,1,0,0,2,-25.6925324,-54.4411144,3.111111111111111
29.35833333333333,29.600000000000005,28.933333333333337,0,1,1,1,0,1,11.2320944,-74.1950916,3.7777777777777777
23.875,24.0,23.966666666666665,0,1,1,1,0,1,3.4519988,-76.5325259,3.2222222222222223
26.558333333333337,28.46666666666667,24.133333333333336,0,1,1,1,0,2,21.1527467,-86.8425761,3.6666666666666665
21.658333333333335,29.400000000000002,13.0,0,1,1,1,0,2,29.4246002,-98.4951405,3.0
19.14166666666667,25.833333333333332,13.166666666666666,0,1,1,1,0,2,36.7213028,-4.4216366,3.4444444444444446
22.708333333333332,23.73333333333333,22.333333333333332,0,1,1,1,0,2,6.2697324,-75.6025597,3.2222222222222223
16.583333333333332,26.133333333333336,8.433333333333334,0,1,1,1,0,2,37.1734995,-3.5995337,3.4444444444444446
11.083333333333336,20.8,2.1666666666666665,0,1,1,0,0,2,48.3059078,14.286198,2.7777777777777777
10.983333333333333,19.766666666666666,3.3000000000000003,0,1,1,1,0,2,51.3406321,12.3747329,3.0
26.0,30.166666666666668,21.033333333333335,0,1,1,1,0,1,16.4639321,107.5863388,3.2222222222222223
14.999999999999998,18.866666666666667,10.699999999999998,0,1,1,0,0,2,41.5510583,-8.4280045,3.0
23.925,28.833333333333332,17.7,0,1,1,1,0,1,20.9528365,107.0800003,3.3333333333333335
27.625,27.966666666666665,26.900000000000002,0,0,1,1,1,2,-3.1316333,-59.9825041,3.5555555555555554
28.20833333333334,28.666666666666668,27.599999999999998,0,1,1,1,0,2,12.5375979,-81.7204155,3.3333333333333335
23.874999999999996,21.53333333333333,25.96666666666667,0,1,1,1,0,2,-22.7597805,-41.8875267,3.5555555555555554
21.3,17.566666666666666,24.766666666666666,0,1,1,1,0,2,-27.5973002,-48.5496098,3.888888888888889
8.875,2.9,15.333333333333334,0,0,1,1,0,2,-41.1334781,-71.3101474,3.5555555555555554
10.216666666666669,21.76666666666667,-1.2,1,1,1,0,0,2,43.1065603,-79.0639039,3.111111111111111
27.916666666666668,25.700000000000003,28.833333333333332,0,1,1,1,0,2,-12.46044,130.8410469,3.2222222222222223
25.25,22.666666666666668,27.366666666666664,0,0,0,1,1,3,-16.35,145.9,3.3333333333333335
23.274999999999995,30.900000000000002,12.866666666666667,0,1,1,1,0,1,31.6356659,74.8787496,2.888888888888889
12.883333333333335,11.533333333333333,13.266666666666666,0,0,0,1,1,3,-13.164422,-72.5450851,3.0
11.75,18.833333333333332,5.433333333333333,0,1,1,1,0,2,51.2211097,4.3997081,2.888888888888889
10.583333333333334,19.666666666666664,2.466666666666667,0,1,1,0,0,2,49.453872,11.077298,2.888888888888889
20.125,22.5,17.766666666666666,0,1,1,1,0,2,32.6496497,-16.9086783,3.6666666666666665
16.216666666666665,16.53333333333333,15.299999999999999,0,1,1,0,0,1,7.012402,80.7571612,3.0
26.575,26.833333333333332,23.5,0,1,1,0,0,1,19.7753289,96.1032552,2.111111111111111
18.258333333333333,11.766666666666666,24.599999999999998,0,1,1,1,0,2,-32.9593609,-60.6617024,3.2222222222222223
20.133333333333333,16.7,23.100000000000005,1,1,0,0,0,1,-14.8277203,-74.9370624,2.6666666666666665
19.541666666666668,21.166666666666668,15.9,0,1,1,1,0,2,21.166121,-100.936442,3.7777777777777777
19.683333333333334,27.166666666666668,11.766666666666666,0,1,1,1,0,2,32.7884363,-79.9399309,3.3333333333333335
27.10833333333333,28.733333333333334,24.96666666666667,0,1,1,1,0,2,20.4320599,-86.9206906,3.5555555555555554
11.766666666666667,18.9,5.266666666666667,0,1,1,0,0,2,50.6365654,3.0635282,2.7777777777777777
19.316666666666666,16.766666666666666,22.166666666666668,0,1,1,0,0,1,-18.4785288,-70.3211394,3.3333333333333335
12.783333333333333,22.0,4.566666666666667,1,1,1,0,0,2,44.8523012,15.590349,2.6666666666666665
12.433333333333332,7.966666666666668,17.333333333333332,0,1,1,1,0,2,-38.6866197,176.0694773,3.4444444444444446
0.30833333333333285,11.799999999999999,-10.1,0,0,1,1,1,2,44.6200885,-110.5606893,2.7777777777777777
27.625,31.23333333333333,23.766666666666666,0,1,1,0,0,3,24.5548262,-81.8020722,3.6666666666666665
10.491666666666667,6.266666666666667,14.6,0,1,1,0,0,2,-45.8740984,170.5035755,3.3333333333333335
15.100000000000001,11.333333333333334,19.000000000000004,0,0,1,1,0,2,-35.8182635,137.1566125,3.3333333333333335
16.474999999999998,13.5,19.833333333333332,0,0,1,1,1,2,-35.2550085,174.1626731,3.3333333333333335
9.866666666666667,17.2,3.4333333333333336,0,1,1,0,0,2,56.1496278,10.2134046,3.2222222222222223
9.875,16.5,3.8333333333333335,0,0,1,1,1,2,49.5929495,-125.702557,3.4444444444444446
26.675,25.3,27.8,0,0,1,1,0,2,-16.7802184,179.3328955,3.6666666666666665
11.35,17.0,6.233333333333334,0,1,1,1,0,2,51.4538022,-2.5972985,3.2222222222222223
2.766666666666667,15.4,-8.700000000000001,0,1,1,1,0,2,66.5025657,25.73122,3.0
13.758333333333331,11.1,16.666666666666668,0,1,1,0,0,2,-33.0244535,-71.5517636,3.4444444444444446
13.816666666666668,9.3,18.333333333333332,0,0,1,1,0,2,-41.2710849,173.2836756,3.3333333333333335
24.14166666666667,18.866666666666667,26.733333333333334,0,0,1,1,0,2,-19.9860951,23.4224352,3.111111111111111
9.175,17.099999999999998,1.9333333333333333,0,1,1,1,0,2,57.7072326,11.9670171,3.4444444444444446
10.433333333333334,16.066666666666666,5.533333333333334,0,1,1,1,0,2,53.4794892,-2.2451148,2.888888888888889
10.225,17.933333333333334,3.3000000000000003,0,1,1,1,0,2,55.6867243,12.5700724,3.3333333333333335
15.566666666666668,14.333333333333334,15.733333333333333,0,1,1,1,0,1,-19.0477251,-65.2594306,2.6666666666666665
